{
  "0": {
    "1": 745.5714285714286,
    "2": 1086.0666666666666,
    "3": 1462.4444444444443,
    "0": 0.0
  },
  "1": {
    "0": 745.5714285714286,
    "2": 870.9714285714285,
    "3": 1023.047619047619,
    "1": 0.0
  },
  "2": {
    "0": 1086.0666666666666,
    "1": 870.9714285714285,
    "3": 1027.2,
    "2": 0.0
  },
  "3": {
    "0": 1462.4444444444443,
    "1": 1023.047619047619,
    "2": 1027.2,
    "3": 0.0
  }
}